"Island";"Loc.ID";"Locations";"type";"type01";"included";"species.pedro";"altitude";"Geological_series";"Geological_unit";"Ages_unit";"MaxAge_Island";"Comments";"Elev";"prec_mean";"solar_radiation_mean";"t_average_mean";"t_max_mean";"t_min_mean";"vapor_pres_mean";"wind_mean";"Long.Y";"Lat.X";"optional"
"1";"C";"CM07";"Palmital, Brezal del";"MSS";"MSS";"yes";5;532;"Miocene";"Gran Canaria Felsic Vulcanism, N";"14-8.3 Ma";15;"";533;27.9166660308838;18657.5;17.283332824707;21.216667175293;13.3583335876465;1.37249994277954;4.89166641235352;-15.6007029;28.1102667;TRUE
"2";"C";"CC02";"Arrepentidos, C. de los ";"cave";"cave";"yes";4;971;"Pliocene-Pleistocene";"Gran Canaria, Rift Vulcanism, N";"3.6-1.6 Ma";15;"";881;26.3333339691162;19997.083984375;16.6749992370605;21.158332824707;12.1750001907349;1.19583332538605;4.90833330154419;-15.5261543;27.91451411;TRUE
"3";"C";"CC04";"Azuaje, Mina de ";"mine";"cave";"yes";2;424;"Pliocene-Pleistocene";"Gran Canaria, Rift Vulcanism, N";"3.6-1.6 Ma";15;"";548;27.75;18753.833984375;17.0666675567627;20.9333324432373;13.1916666030884;1.36166667938232;4.90833330154419;-15.5736709;28.08687635;TRUE
"4";"C";"CC05";"Bebeideja, Mina";"mine";"cave";"yes";5;140;"Pliocene-Pleistocene";"Gran Canaria, Rift Vulcanism, N";"3.6-1.6 Ma";15;"";180;20.0833339691162;18359.416015625;19.3916664123535;23.0166664123535;15.7749996185303;1.57166659832001;4.75833320617676;-15.5311249;28.13031374;TRUE
"5";"C";"CC06";"Bucios, C. de ";"cave";"cave";"yes";1;1424;"Pliocene-Pleistocene";"Gran Canaria, Rift Vulcanism, N";"3.6-1.6 Ma";15;"";1534;31.5833339691162;20492.75;13.2083330154419;17.3999996185303;8.99166679382324;0.922500014305115;5.49166679382324;-15.5344557;27.94732298;TRUE
"6";"C";"CC09";"Federica, Mina La ";"mine";"cave";"yes";13;428;"Pliocene-Pleistocene";"Gran Canaria, Rift Vulcanism, N";"3.6-1.6 Ma";15;"";358;20.8333339691162;19133.25;18.6499996185303;22.6333332061768;14.6499996185303;1.4650000333786;4.91666650772095;-15.4638892;27.98347091;TRUE
"7";"C";"CC10";"Ingenio, Cueva de ";"cave";"cave";"yes";1;416;"Pliocene-Pleistocene";"Gran Canaria, Rift Vulcanism, N";"3.6-1.6 Ma";15;"";360;19.1666660308838;19423.75;19.3583335876465;23.6499996185303;15.0833330154419;1.46833336353302;4.78333330154419;-15.4499783;27.92463269;TRUE
"8";"C";"CC11";"Llanetes, Mina";"mine";"cave";"yes";9;395;"Pliocene-Pleistocene";"Gran Canaria, Rift Vulcanism, N";"3.6-1.6 Ma";15;"";445;22.6666660308838;19192.75;18.0249996185303;22.0083332061768;14.0249996185303;1.41583335399628;5.00833320617676;-15.4811201;27.98684203;TRUE
"9";"C";"CC12";"Luna, C. de La ";"cave";"cave";"yes";4;910;"Pliocene-Pleistocene";"Gran Canaria, Rift Vulcanism, N";"3.6-1.6 Ma";15;"";881;26.3333339691162;19997.083984375;16.6749992370605;21.158332824707;12.1750001907349;1.19583332538605;4.90833330154419;-15.5300565;27.91031956;TRUE
"10";"C";"CC13";"Montañón Negro, C. de ";"cave";"cave";"yes";2;1445;"Pliocene-Pleistocene";"Gran Canaria, Rift Vulcanism, N";"3.6-1.6 Ma";15;"";1382;33.1666679382324;20072.333984375;13.2749996185303;17.3166675567627;9.24166679382324;0.981666624546051;5.76666641235352;-15.6063711;28.03371153;TRUE
"11";"C";"CC14";"Pozo de las Nieves, C. del ";"cave";"cave";"yes";1;1912;"Pliocene-Pleistocene";"Gran Canaria, Rift Vulcanism, N";"3.6-1.6 Ma";15;"";1856;32.75;20934.75;11.4833335876465;15.5833330154419;7.36666679382324;0.809166669845581;5.80000019073486;-15.571438;27.96286355;TRUE
"12";"C";"CM03";"Draguillo, Bco.";"MSS";"MSS";"yes";7;451;"Pliocene-Pleistocene";"Gran Canaria, Rift Vulcanism, N";"3.6-1.6 Ma";15;"";436;21.1666660308838;19388.75;18.6333332061768;22.875;14.4166660308838;1.42833340167999;4.91666650772095;-15.4460626;27.94622953;TRUE
"13";"C";"CM04";"Majaletes, Los";"MSS";"MSS";"yes";4;1125;"Pliocene-Pleistocene";"Gran Canaria, Rift Vulcanism, N";"3.6-1.6 Ma";15;"";1185;30;20052.833984375;14.8249998092651;19.0666675567627;10.5916662216187;1.06500005722046;5.47499990463257;-15.5030408;27.9443179;TRUE
"14";"C";"CM05";"Marteles, Caldera de los";"MSS";"MSS";"yes";12;1537;"Pliocene-Pleistocene";"Gran Canaria, Rift Vulcanism, N";"3.6-1.6 Ma";15;"";1514;32;20389.166015625;13.1166667938232;17.216667175293;9.00833320617676;0.931666672229767;5.73333311080933;-15.5274757;27.95224262;TRUE
"15";"C";"CM06";"Oscuro, Bco.";"MSS";"MSS";"yes";6;820;"Pliocene-Pleistocene";"Gran Canaria, Rift Vulcanism, N";"3.6-1.6 Ma";15;"";911;31.25;19429.583984375;15.1333332061768;19.0833339691162;11.1750001907349;1.18166673183441;5.48333358764648;-15.5912716;28.05565872;TRUE
"16";"C";"CM08";"Tiles, Los ";"MSS";"MSS";"yes";1;520;"Pliocene-Pleistocene";"Gran Canaria, Rift Vulcanism, N";"3.6-1.6 Ma";15;"";645;29.4166660308838;18906.25;16.5583324432373;20.5416660308838;12.6000003814697;1.31333339214325;5.125;-15.5944244;28.09048002;TRUE
"17";"C";"CC01";"Ancones, Galería ";"mine";"cave";"yes";1;418;"Miocene";"Gran Canaria Felsic Vulcanism, SW";"14-8.3 Ma";15;"";507;22.9166660308838;19824.166015625;18.25;22.3083343505859;14.1833333969116;1.38666665554047;5.02500009536743;-15.7924694;27.96104607;TRUE
"18";"C";"CC03";"Aslobas, C. de";"cave";"cave";"yes";2;800;"Miocene";"Gran Canaria Felsic Vulcanism, SW";"14-8.3 Ma";15;"";716;25;20036.25;17.6000003814697;21.8666667938232;13.3333330154419;1.2775000333786;5.32499980926514;-15.7783558;27.92380941;TRUE
"19";"C";"CC07";"Degollada de las Brujas, Sima ";"cave";"cave";"yes";1;1227;"Miocene";"Gran Canaria Felsic Vulcanism, SW";"14-8.3 Ma";15;"";1100;29;20367.416015625;15.75;20.0666675567627;11.4583330154419;1.09416663646698;5.45833349227905;-15.732998;27.94031583;TRUE
"20";"C";"CC08";"Fataga, Mina de ";"mine";"cave";"yes";2;109;"Miocene";"Gran Canaria Felsic Vulcanism, SW";"14-8.3 Ma";15;"";159;14;19877;20.6333332061768;24.6916675567627;16.5750007629395;1.58583331108093;5.03333330154419;-15.5868251;27.79977686;TRUE
"21";"C";"CC15";"Roques, Mina de los";"mine";"cave";"yes";7;1088;"Miocene";"Gran Canaria Felsic Vulcanism, SW";"14-8.3 Ma";15;"";183;15.0833330154419;19824.5;20.4333324432373;24.5499992370605;16.3166675567627;1.5625;4.72499990463257;-15.6649465;27.83228191;TRUE
"22";"C";"CC16";"Tasarte, Mina de ";"mine";"cave";"yes";1;251;"Miocene";"Gran Canaria Felsic Vulcanism, SW";"14-8.3 Ma";15;"";322;19;19712.25;19.6000003814697;23.7250003814697;15.4750003814697;1.48416662216187;4.70833349227905;-15.7735202;27.90408569;TRUE
"23";"C";"CM02";"Casa de Job (Andén Verde)";"MSS";"MSS";"yes";1;380;"Miocene";"Gran Canaria Felsic Vulcanism, SW";"14-8.3 Ma";15;"";421;22.3333339691162;19735;18.3083324432373;22.1333332061768;14.4666662216187;1.43500006198883;5;-15.7579917;28.03758942;TRUE
"24";"C";"CM09";"Tirajana, Pinar";"MSS";"MSS";"yes";1;1193;"Miocene";"Gran Canaria Felsic Vulcanism, SW";"14-8.3 Ma";15;"";1219;29.0833339691162;20325;15.0916662216187;19.5666675567627;10.625;1.0441666841507;5.14166641235352;-15.5948535;27.91113831;TRUE
"25";"C";"CM01";"Berrazales, Los";"MSS";"MSS";"yes";10;495;"Miocene";"Gran Canaria Felsic Vulcanism, SW";"14-8.3 Ma";15;"(edge)";712;29;19486.25;16.4166660308838;20.5083332061768;12.3166666030884;1.2775000333786;5.21666669845581;-15.6569935;28.06876492;TRUE
"27";"F";"FC02";"Llano, C. del ";"cave";"cave";"yes";5;150;"Pliocene-Pleistocene";"Northern Unit";"";25;"";161;11.0833330154419;19131.333984375;20.1083335876465;24.1416664123535;16.0833339691162;1.62916672229767;4.59999990463257;-13.902801;28.653012;TRUE
"28";"F";"FC03";"Montaña Blanca, C. de ";"cave";"cave";"yes";5;160;"Mioceno";"Northern Unit";"";25;"";122;9.5;19284.583984375;20.4166660308838;24.3666667938232;16.4583339691162;1.66999995708466;4.75833320617676;-13.8807933;28.40101944;TRUE
"29";"F";"FC01";"Corredores, C. de los ";"cave";"cave";"yes";1;290;"Pliocene-Pleistocene";"Northern Unit";"";25;"(edge)";94;11.0833330154419;19132.083984375;20.408332824707;24.375;16.4583339691162;1.66583335399628;4.56666660308838;-13.92924;28.669085;TRUE
"30";"F";"FM02";"Morro Cavadero";"soil";"MSS";"yes";1;705;"";"";"";25;"";600;14.3333330154419;19559.083984375;17.6166667938232;21.0416660308838;14.1750001907349;1.39166665077209;5.375;-14.3628;28.096729;TRUE
"32";"F";"FM01";"Pico Zarza, Camino a";"MSS";"MSS";"yes";1;561;"";"";"";25;"";452;12.8333330154419;19630.166015625;18.2749996185303;21.6833324432373;14.8583335876465;1.46749997138977;5.30833339691162;-14.34852;28.095084;TRUE
"33";"G";"GM03";"Epina";"MSS";"MSS";"yes";1;830;"Pliocene-Pleistocene";"La Gomera Pliocene central basalts";"";10;"(edge)";856;29.8333339691162;19341.333984375;16.2333335876465;19.1999988555908;13.2749996185303;1.20249998569489;5.85833358764648;-17.2989944;28.16286305;TRUE
"34";"G";"GM01";"Acebiños, Los";"MSS";"MSS";"yes";2;950;"Pliocene-Pleistocene";"La Gomera Pliocene central basalts";"";10;"";1027;32.4166679382324;19207.75;14.8249998092651;17.4166660308838;12.2250003814697;1.10916662216187;5.79999971389771;-17.2266636;28.13968666;TRUE
"35";"G";"GM04";"Helechos, Mña. los ";"MSS";"MSS";"yes";2;939;"Pliocene-Pleistocene";"La Gomera Pliocene central basalts";"";10;"";1053;32.1666679382324;19356.75;14.9416666030884;17.7083339691162;12.1499996185303;1.09500002861023;5.89166641235352;-17.2238472;28.12479778;TRUE
"36";"G";"GM05";"Meriga";"MSS";"MSS";"yes";2;870;"Pliocene-Pleistocene";"La Gomera Pliocene central basalts";"";10;"";905;31.25;19087.833984375;15.5166664123535;18.1833324432373;12.8666667938232;1.17499995231628;5.65833330154419;-17.2352122;28.15379517;TRUE
"37";"G";"GM06";"Quemada, Mña.";"MSS";"MSS";"yes";2;1030;"Pliocene-Pleistocene";"La Gomera Pliocene central basalts";"";10;"";912;31.4166660308838;19071.333984375;15.5666666030884;18.2416667938232;12.8500003814697;1.16833329200745;5.61666679382324;-17.214731;28.125826;TRUE
"38";"G";"GM07";"Reventón Oscuro ";"MSS";"MSS";"yes";14;1039;"Pliocene-Pleistocene";"La Gomera Pliocene central basalts";"";10;"";912;31.4166660308838;19071.333984375;15.5666666030884;18.2416667938232;12.8500003814697;1.16833329200745;5.61666679382324;-17.2161392;28.12589821;TRUE
"40";"G";"GM02";"Campamento Viejo";"MSS";"MSS";"yes";4;1050;"";"";"";10;"";1173;32.9166679382324;19673.083984375;14.4916667938232;17.3916664123535;11.6083335876465;1.03416669368744;6.06666660308838;-17.23146231;28.11532687;TRUE
"41";"G";"GM08";"Zarcita, Roque de la ";"MSS";"MSS";"yes";1;1180;"";"";"";10;"";1165;32.9166679382324;19630.166015625;14.5500001907349;17.4333324432373;11.6999998092651;1.03916668891907;6.05000019073486;-17.21673227;28.11168585;TRUE
"42";"H";"HC01";"Curva, C. de la ";"cave";"cave";"yes";7;616;"Pliocene-Pleistocene";"El Hierro rift or dorsal vulcanism";"";1;"";598;23.75;19697.5;18.466667175293;22.1499996185303;14.7749996185303;1.37166666984558;5.93333339691162;-17.9727848;27.69230527;TRUE
"43";"H";"HC03";"Fileba, C. de ";"cave";"cave";"yes";2;1330;"Pliocene-Pleistocene";"El Hierro rift or dorsal vulcanism";"";1;"";1281;31.5833339691162;19711.666015625;14.7749996185303;18.0083332061768;11.5249996185303;0.992500007152557;6.75;-17.9910981;27.73948552;TRUE
"44";"H";"HC06";"Jinama, C. de ";"cave";"cave";"yes";3;1169;"Pliocene-Pleistocene";"El Hierro rift or dorsal vulcanism";"";1;"";928;28.1666660308838;19365.75;16.283332824707;19.591667175293;12.9833335876465;1.17916667461395;6.29166650772095;-17.9840889;27.77353658;TRUE
"45";"H";"HC11";"Mocán, C. del";"cave";"cave";"yes";1;1100;"Pliocene-Pleistocene";"El Hierro rift or dorsal vulcanism";"";1;"";1146;29.5;19902.166015625;15.6499996185303;19.1166667938232;12.1666669845581;1.05833327770233;6.45833349227905;-18.00537;27.71795958;TRUE
"46";"H";"HC12";"Moleras, Juaclo de las ";"cave";"cave";"yes";4;500;"Pliocene-Pleistocene";"El Hierro rift or dorsal vulcanism";"";1;"";518;22.8333339691162;19757.166015625;18.4833335876465;21.8916664123535;15.0416669845581;1.42250001430511;5.82499980926514;-18.1407081;27.73288381;TRUE
"47";"H";"HC15";"Pozos, C. de los ";"cave";"cave";"yes";4;1000;"Pliocene-Pleistocene";"El Hierro rift or dorsal vulcanism";"";1;"";1080;30;19470;15.8000001907349;19.1916675567627;12.4166660308838;1.09333336353302;6.44166660308838;-17.9608081;27.76696538;TRUE
"48";"H";"HM01";"Binto";"MSS";"MSS";"yes";1;1060;"Pliocene-Pleistocene";"El Hierro rift or dorsal vulcanism";"";1;"";1099;29.8333339691162;19619.666015625;15.7916660308838;19.1916675567627;12.4166669845581;1.08583331108093;6.56666660308838;-18.096017;27.7267;TRUE
"49";"H";"HM03";"Calzadillas (El Pinar), Las";"MSS";"MSS";"yes";1;1010;"Pliocene-Pleistocene";"El Hierro rift or dorsal vulcanism";"";1;"";1087;28.8333339691162;19872.75;16.1000003814697;19.6833324432373;12.5083332061768;1.09249997138977;6.44999980926514;-18.0234524;27.70995914;TRUE
"50";"H";"HM05";"Dehesa, Pista de la";"MSS";"MSS";"yes";1;232;"Pliocene-Pleistocene";"El Hierro rift or dorsal vulcanism";"";1;"";231;20.1666660308838;19681.583984375;19.75;23.1499996185303;16.3250007629395;1.60749995708466;5.67500019073486;-18.142163;27.71929121;TRUE
"51";"H";"HM07";"Gallego (El Pinar), Hoya del";"MSS";"MSS";"yes";2;935;"Pliocene-Pleistocene";"El Hierro rift or dorsal vulcanism";"";1;"";985;27.75;19883.5;16.533332824707;20.1416664123535;12.9250001907349;1.14416670799255;6.25833320617676;-18.0030334;27.7116471;TRUE
"52";"H";"HM13";"Mercader";"MSS";"MSS";"yes";6;1075;"Pliocene-Pleistocene";"El Hierro rift or dorsal vulcanism";"";1;"";1087;28.8333339691162;19872.75;16.1000003814697;19.6833324432373;12.5083332061768;1.09249997138977;6.44999980926514;-18.0221752;27.71294456;TRUE
"53";"H";"HM14";"Montañetas, Las";"MSS";"MSS";"yes";1;948;"Pliocene-Pleistocene";"El Hierro rift or dorsal vulcanism";"";1;"";992;29.3333339691162;19345.75;16.1416664123535;19.4583339691162;12.8166666030884;1.13999998569489;6.25833320617676;-17.9533911;27.79046086;TRUE
"54";"H";"HM16";"San Salvador, Camino de";"MSS";"MSS";"yes";1;1233;"Pliocene-Pleistocene";"El Hierro rift or dorsal vulcanism";"";1;"";1305;31.8333339691162;19705.166015625;14.7583332061768;18.1166667938232;11.4250001907349;0.976666629314423;6.76666688919067;-18.011676;27.732951;TRUE
"55";"H";"HC05";"Hoyo, C. del";"cave";"cave";"yes";1;357;"Pleistoceno-Holoceno";"El Golfo Embayment";"";1;"";347;23;18968.083984375;18.8833332061768;22.0666656494141;15.7250003814697;1.52416670322418;5.59999990463257;-18.0026981;27.75351346;TRUE
"56";"H";"HC09";"Lomo Blanco, Morada de ";"cave";"cave";"yes";3;900;"Pleistoceno-Holoceno";"El Golfo Embayment";"";1;"";852;28.1666660308838;19055.083984375;16.625;19.8250007629395;13.4499998092651;1.22583329677582;6.13333320617676;-18.0668611;27.7391242;TRUE
"57";"H";"HC10";"Longueras, C. de ";"cave";"cave";"yes";8;450;"Pleistoceno-Holoceno";"El Golfo Embayment";"";1;"";481;24.0833339691162;18914.166015625;18.2916660308838;21.4249992370605;15.1583337783813;1.44166672229767;5.65833330154419;-18.0262555;27.74673043;TRUE
"58";"H";"HC13";"Palomas, Sima de las ";"cave";"cave";"yes";4;950;"Pleistoceno-Holoceno";"El Golfo Embayment";"";1;"";1092;30.25;19255.916015625;15.5583333969116;18.7749996185303;12.3583335876465;1.09083330631256;6.46666669845581;-18.0657009;27.73787808;TRUE
"59";"H";"HM02";"Caldereta, Mña. De la";"MSS";"MSS";"yes";1;579;"Pleistoceno-Holoceno";"El Golfo Embayment";"";1;"";505;24.5833339691162;18932;18.1666660308838;21.3333339691162;14.9916667938232;1.42500007152557;5.65833330154419;-18.0152648;27.74297875;TRUE
"60";"H";"HM04";"Casa Forestal, Supra";"MSS";"MSS";"yes";5;880;"Pleistoceno-Holoceno";"El Golfo Embayment";"";1;"";793;27.6666660308838;19017.416015625;16.841667175293;20.033332824707;13.6416664123535;1.25416660308838;5.94999980926514;-18.0243907;27.73511102;TRUE
"61";"H";"HM06";"Derrabado";"MSS";"MSS";"yes";8;940;"Pleistoceno-Holoceno";"El Golfo Embayment";"";1;"";1094;30.25;19273.416015625;15.5583333969116;18.7583332061768;12.341667175293;1.0900000333786;6.44166660308838;-18.0530805;27.74080432;TRUE
"62";"H";"HM09";"Gramales, Los";"MSS";"MSS";"yes";2;800;"Pleistoceno-Holoceno";"El Golfo Embayment";"";1;"";793;27.6666660308838;19017.416015625;16.841667175293;20.033332824707;13.6416664123535;1.25416660308838;5.94999980926514;-18.0228126;27.73969081;TRUE
"63";"H";"HM12";"Lomo Blanco";"MSS";"MSS";"yes";1;920;"Pleistoceno-Holoceno";"El Golfo Embayment";"";1;"";1092;30.25;19255.916015625;15.5583333969116;18.7749996185303;12.3583335876465;1.09083330631256;6.46666669845581;-18.0603579;27.74126599;TRUE
"64";"H";"HM15";"Moreno, Hoya";"MSS";"MSS";"yes";1;830;"Pleistoceno-Holoceno";"El Golfo Embayment";"";1;"";852;28.1666660308838;19055.083984375;16.625;19.8250007629395;13.4499998092651;1.22583329677582;6.13333320617676;-18.0701726;27.73860573;TRUE
"65";"H";"HC04";"Guinea, Sima de";"cave";"cave";"yes";1;80;"Pleistoceno-Holoceno";"El Golfo Embayment (edge)";"";1;"";225;21.5;19080.583984375;19.4333324432373;22.658332824707;16.216667175293;1.60333335399628;5.63333320617676;-17.998684;27.774466;TRUE
"66";"H";"HC02";"Don Justo, C. de ";"cave";"cave";"yes";8;150;"Pleistoceno-Holoceno";"El Hierro recent eruptions";"";1;"";194;18.5;20028.166015625;20.7083339691162;24.6083335876465;16.783332824707;1.62750005722046;5.85833311080933;-17.9887843;27.65018579;TRUE
"67";"H";"HC07";"Lajial, C. del ";"cave";"cave";"yes";5;250;"Pleistoceno-Holoceno";"El Hierro recent eruptions";"";1;"";284;19.9166660308838;19815.416015625;20.25;24.1916675567627;16.3250007629395;1.56749999523163;5.60833311080933;-17.9888555;27.66284933;TRUE
"68";"H";"HC08";"Linke, C. del";"cave";"cave";"yes";1;150;"Pleistoceno-Holoceno";"El Hierro recent eruptions";"";1;"";66;18;19758.583984375;21.1999988555908;25.1333332061768;17.2666664123535;1.7150000333786;5.52500009536743;-17.9731;27.6639;TRUE
"69";"H";"HC14";"Pocitos, C. de los ";"cave";"cave";"yes";7;250;"Pleistoceno-Holoceno";"El Hierro recent eruptions";"";1;"";194;18.5;20028.166015625;20.7083339691162;24.6083335876465;16.783332824707;1.62750005722046;5.85833311080933;-17.9901866;27.65815689;TRUE
"70";"H";"HC16";"Roja, C. ";"cave";"cave";"yes";3;350;"Pleistoceno-Holoceno";"El Hierro recent eruptions";"";1;"";395;21.3333339691162;19644.333984375;19.7000007629395;23.6083335876465;15.7916669845581;1.49583327770233;5.65000009536743;-17.998996;27.6709742;TRUE
"71";"H";"HM11";"Guillén (El Pinar), Llano";"MSS";"MSS";"yes";2;1200;"Pleistoceno-Holoceno";"El Hierro recent eruptions";"";1;"";1224;30.6666660308838;19824.166015625;15.2916669845581;18.7583332061768;11.841667175293;1.01999998092651;6.66666650772095;-18.0179178;27.72189156;TRUE
"72";"H";"HM08";"Garoé, Pista del";"MSS";"MSS";"yes";1;1030;"Pleistoceno-Holoceno";"Tiñor Edifice";"";1;"";1043;29.4166660308838;19480.166015625;15.9666662216187;19.3833332061768;12.5749998092651;1.11166667938232;6.36666679382324;-17.9513906;27.78174448;TRUE
"73";"H";"HM10";"Gretime";"MSS";"MSS";"yes";1;370;"";"";"";1;"";334;23.0833339691162;18703.75;18.966667175293;22.0249996185303;15.9166669845581;1.53833329677582;5.65000009536743;-18.07712362;27.74483299;TRUE
"74";"P";"PC03";"Arenal, C. del ";"cave";"cave";"yes";2;1220;"Pleistoceno-Holocene";"Cumbre Vieja";"0.5-0.01 Ma";2;"";1165;36.5;19579.5;14.7833337783813;17.7999992370605;11.7833337783813;1.02666664123535;6.08333349227905;-17.8534685;28.68261358;TRUE
"75";"P";"PC06";"Callejones, C. de los";"cave";"cave";"yes";3;200;"Pleistoceno-Holocene";"Cumbre Vieja";"0.5-0.01 Ma";2;"";175;27;18384.166015625;19.6499996185303;22.3916664123535;16.908332824707;1.61583340167999;5.24166679382324;-17.7630457;28.60279013;TRUE
"76";"P";"PC07";"Canal, C. del";"cave";"cave";"yes";2;460;"Pleistoceno-Holocene";"Cumbre Vieja";"0.5-0.01 Ma";2;"";550;30;19093.166015625;17.8083324432373;20.9833335876465;14.6333332061768;1.38083326816559;5.74166679382324;-17.8029102;28.54310271;TRUE
"77";"P";"PC09";"Cardos II (Laberintos), C. de";"cave";"cave";"yes";6;980;"Pleistoceno-Holocene";"Cumbre Vieja";"0.5-0.01 Ma";2;"";932;34.1666679382324;19414.166015625;15.8083333969116;18.7666664123535;12.8500003814697;1.14916670322418;5.81666660308838;-17.8485773;28.67423756;TRUE
"78";"P";"PC10";"Cardos III, C. de";"cave";"cave";"yes";6;960;"Pleistoceno-Holocene";"Cumbre Vieja";"0.5-0.01 Ma";2;"";932;34.1666679382324;19414.166015625;15.8083333969116;18.7666664123535;12.8500003814697;1.14916670322418;5.81666660308838;-17.8494334;28.67299276;TRUE
"79";"P";"PC15";"Cuchillo de Torres, C. del ";"cave";"cave";"yes";1;600;"Pleistoceno-Holocene";"Cumbre Vieja";"0.5-0.01 Ma";2;"";598;30.5833339691162;19100.5;17.783332824707;20.8083343505859;14.75;1.34416663646698;5.61666679382324;-17.888063;28.66325267;TRUE
"80";"P";"PC18";"Don Tomás, C. de";"cave";"cave";"yes";7;690;"Pleistoceno-Holocene";"Cumbre Vieja";"0.5-0.01 Ma";2;"";680;30.6666660308838;19272.333984375;17.4833335876465;20.7083339691162;14.2749996185303;1.29666674137115;5.69166660308838;-17.8778694;28.63977367;TRUE
"81";"P";"PC19";"Excavada (Rincón), C.";"cave";"cave";"yes";4;825;"Pleistoceno-Holocene";"Cumbre Vieja";"0.5-0.01 Ma";2;"";834;33.0833320617676;19349.833984375;16.466667175293;19.5583324432373;13.375;1.20416665077209;5.74166679382324;-17.866251;28.66332858;TRUE
"82";"P";"PC23";"Fuente de la Canaria, C. ";"cave";"cave";"yes";5;700;"Pleistoceno-Holocene";"Cumbre Vieja";"0.5-0.01 Ma";2;"";857;34.6666679382324;18770.833984375;16.0083332061768;18.9416675567627;13.1166667938232;1.20083332061768;5.82499980926514;-17.7943095;28.58681393;TRUE
"83";"P";"PC25";"Honda de Miranda, C.";"cave";"cave";"yes";8;417;"Pleistoceno-Holocene";"Cumbre Vieja";"0.5-0.01 Ma";2;"";410;31.0833339691162;18134.666015625;18.2916660308838;20.9416675567627;15.6083335876465;1.46166670322418;5.25;-17.788118;28.64489014;TRUE
"84";"P";"PC26";"Honda del Bejenado, C. ";"cave";"cave";"yes";6;1187;"Pleistoceno-Holocene";"Cumbre Vieja";"0.5-0.01 Ma";2;"";1165;36.5;19579.5;14.7833337783813;17.7999992370605;11.7833337783813;1.02666664123535;6.08333349227905;-17.8554809;28.68025289;TRUE
"85";"P";"PC27";"Hoyo de la Sima";"cave";"cave";"yes";4;1300;"Pleistoceno-Holocene";"Cumbre Vieja";"0.5-0.01 Ma";2;"";1372;37.3333320617676;19902.166015625;13.9166669845581;17.3500003814697;10.5249996185303;0.936666667461395;6.56666660308838;-17.858143;28.58986694;TRUE
"86";"P";"PC28";"La Sabina, C. de";"cave";"cave";"yes";2;450;"Pleistoceno-Holocene";"Cumbre Vieja";"0.5-0.01 Ma";2;"";512;31.0833339691162;18495.5;17.8166675567627;20.6416664123535;15.0083332061768;1.4025000333786;5.45000028610229;-17.7797921;28.58390103;TRUE
"87";"P";"PC31";"Llano de los Caños, C. del ";"cave";"cave";"yes";11;1050;"Pleistoceno-Holocene";"Cumbre Vieja";"0.5-0.01 Ma";2;"";848;34.1666679382324;18915.833984375;16.1333332061768;19.1000003814697;13.1916666030884;1.20666670799255;5.91666650772095;-17.7999023;28.58112377;TRUE
"88";"P";"PC40";"Nagy, C. de ";"cave";"cave";"yes";3;290;"Pleistoceno-Holocene";"Cumbre Vieja";"0.5-0.01 Ma";2;"";212;28;18302.333984375;19.4250011444092;22.158332824707;16.7083339691162;1.58833336830139;5.19166660308838;-17.7723324;28.64499782;TRUE
"89";"P";"PC44";"Polvorín (Las Hiedras), C. del";"cave";"cave";"yes";3;725;"Pleistoceno-Holocene";"Cumbre Vieja";"0.5-0.01 Ma";2;"";834;33.0833320617676;19349.833984375;16.466667175293;19.5583324432373;13.375;1.20416665077209;5.74166679382324;-17.8651669;28.65957204;TRUE
"90";"P";"PC46";"Rincón I y II, C. del ";"cave";"cave";"yes";7;875;"Pleistoceno-Holocene";"Cumbre Vieja";"0.5-0.01 Ma";2;"";980;34.75;19434;15.7333326339722;18.7749996185303;12.6999998092651;1.12333333492279;5.86666679382324;-17.8654934;28.66743082;TRUE
"91";"P";"PC47";"Salto de Tigalate, C. del";"cave";"cave";"yes";15;80;"Pleistoceno-Holocene";"Cumbre Vieja";"0.5-0.01 Ma";2;"";244;26.6666660308838;18936.75;19.3333339691162;22.4249992370605;16.2250003814697;1.57249999046326;5.55833339691162;-17.7939487;28.53450135;TRUE
"92";"P";"PC50";"Sorprendidos, C. de los ";"cave";"cave";"yes";8;1270;"Pleistoceno-Holocene";"Cumbre Vieja";"0.5-0.01 Ma";2;"";1176;36.5833320617676;19556.75;14.8249998092651;17.8249988555908;11.8166666030884;1.02416670322418;6.125;-17.8592551;28.68287926;TRUE
"93";"P";"PC51";"Susi, C. de ";"cave";"cave";"yes";2;880;"Pleistoceno-Holocene";"Cumbre Vieja";"0.5-0.01 Ma";2;"";980;34.75;19434;15.7333326339722;18.7749996185303;12.6999998092651;1.12333333492279;5.86666679382324;-17.8654291;28.66732393;TRUE
"94";"P";"PC52";"Tacande, C. de";"cave";"cave";"yes";9;650;"Pleistoceno-Holocene";"Cumbre Vieja";"0.5-0.01 Ma";2;"";680;30.6666660308838;19272.333984375;17.4833335876465;20.7083339691162;14.2749996185303;1.29666674137115;5.69166660308838;-17.8805354;28.64005073;TRUE
"95";"P";"PC53";"Tamarahoya, C. de ";"cave";"cave";"yes";1;900;"Pleistoceno-Holocene";"Cumbre Vieja";"0.5-0.01 Ma";2;"";984;34.75;19373.5;15.8083333969116;18.8250007629395;12.7583332061768;1.12333333492279;5.90833330154419;-17.8725614;28.67271113;TRUE
"96";"P";"PC54";"Tijaraferas (Barros, Barrial), C. de las ";"cave";"cave";"yes";5;567;"Pleistoceno-Holocene";"Cumbre Vieja";"0.5-0.01 Ma";2;"";598;30.5833339691162;19100.5;17.783332824707;20.8083343505859;14.75;1.34416663646698;5.61666679382324;-17.8897441;28.66227868;TRUE
"97";"P";"PC56";"Torreta de Tacande, C. ";"cave";"cave";"yes";1;677;"Pleistoceno-Holocene";"Cumbre Vieja";"0.5-0.01 Ma";2;"";680;30.6666660308838;19272.333984375;17.4833335876465;20.7083339691162;14.2749996185303;1.29666674137115;5.69166660308838;-17.8799778;28.63940833;TRUE
"98";"P";"PM12";"Hondo, Bco.";"MSS";"MSS";"yes";1;412;"Pleistoceno-Holocene";"Cumbre Vieja";"0.5-0.01 Ma";2;"";434;28.8333339691162;18983.5;18.4249992370605;21.6166667938232;15.2333335876465;1.45166671276093;5.65833330154419;-17.8038174;28.53801435;TRUE
"99";"P";"PM16";"La Venta (Breña Baja), Mña. de la";"MSS";"MSS";"yes";1;1408;"Pleistoceno-Holocene";"Cumbre Vieja";"0.5-0.01 Ma";2;"";1443;39.5833320617676;19537.5;13.5416669845581;16.658332824707;10.4166669845581;0.899999976158142;6.67500019073486;-17.8259566;28.61263308;TRUE
"100";"P";"PM20";"Luna, Montes de";"MSS";"MSS";"yes";2;1100;"Pleistoceno-Holocene";"Cumbre Vieja";"0.5-0.01 Ma";2;"";1213;36.5;19478.583984375;14.8166666030884;18.1083335876465;11.5333337783813;1.01666665077209;6.49166679382324;-17.8268171;28.53401916;TRUE
"101";"P";"PM28";"Tamano";"MSS";"MSS";"yes";1;1090;"Pleistoceno-Holocene";"Cumbre Vieja";"0.5-0.01 Ma";2;"";1007;37.1666679382324;18619.583984375;15.2833337783813;18.1000003814697;12.4499998092651;1.1158332824707;5.84166669845581;-17.8164301;28.61878502;TRUE
"102";"P";"PM29";"Tigalate MSS";"MSS";"MSS";"yes";1;769;"Pleistoceno-Holocene";"Cumbre Vieja";"0.5-0.01 Ma";2;"";734;32.0833320617676;19205.75;16.8666667938232;20.0166664123535;13.7250003814697;1.27416670322418;5.92500019073486;-17.8074738;28.55339112;TRUE
"103";"P";"PC01";"Altaguna, C. de ";"cave";"cave";"yes";2;2010;"Pliocene-Pleistocene";"Taburiente";"1.08-0.41 Ma";2;"";2075;43.5;20537.75;10.5916662216187;13.6666669845581;7.52500009536743;0.631666660308838;7.54166650772095;-17.8373071;28.74021478;TRUE
"104";"P";"PC02";"Andenes, C. de los ";"cave";"cave";"yes";2;2350;"Pliocene-Pleistocene";"Taburiente";"1.08-0.41 Ma";2;"";2169;43.8333320617676;20711.583984375;10;13.2083330154419;6.78333330154419;0.598333358764648;7.99166679382324;-17.8749957;28.76167968;TRUE
"105";"P";"PC04";"Asomada Alta, Furna de la";"cave";"cave";"yes";3;779;"Pliocene-Pleistocene";"Taburiente";"1.08-0.41 Ma";2;"";659;34.75;18257.25;16.5750007629395;18.841667175293;14.3249998092651;1.31000006198883;5.5;-17.7781208;28.7595943;TRUE
"106";"P";"PC05";"Bco. de los Guanches, C.";"cave";"cave";"yes";1;2132;"Pliocene-Pleistocene";"Taburiente";"1.08-0.41 Ma";2;"";2211;44.5;20683.083984375;9.95833301544189;13.0083332061768;6.90000009536743;0.583333313465118;7.91666650772095;-17.8407158;28.74439171;TRUE
"107";"P";"PC11";"Cáscaras, C. de las";"cave";"cave";"yes";4;559;"Pliocene-Pleistocene";"Taburiente";"1.08-0.41 Ma";2;"";530;29;19457.75;17.9583339691162;20.7416667938232;15.1750001907349;1.39416670799255;5.63333320617676;-17.9856151;28.77626295;TRUE
"108";"P";"PC13";"Ciro (Puntallana), C. de ";"cave";"cave";"yes";4;300;"Pliocene-Pleistocene";"Taburiente";"1.08-0.41 Ma";2;"";258;28.5833339691162;18496.25;18.7916660308838;21.1083335876465;16.4583339691162;1.55750000476837;5.35833311080933;-17.7407711;28.73822973;TRUE
"109";"P";"PC14";"Crucita, C. de la";"cave";"cave";"yes";4;209;"Pliocene-Pleistocene";"Taburiente";"1.08-0.41 Ma";2;"";NA;NA;NA;NA;NA;NA;NA;NA;-17.8369807;28.83399649;TRUE
"110";"P";"PC16";"Diablo de Barlovento, C. del";"cave";"cave";"yes";4;687;"Pliocene-Pleistocene";"Taburiente";"1.08-0.41 Ma";2;"";726;33.25;18956.833984375;16.2999992370605;18.5416660308838;14.0583333969116;1.27416670322418;5.84999990463257;-17.8437903;28.81507292;TRUE
"111";"P";"PC17";"Diablo, C. del";"cave";"cave";"yes";8;1400;"Pliocene-Pleistocene";"Taburiente";"1.08-0.41 Ma";2;"";1367;39.1666679382324;19389.166015625;13.8916664123535;16.9833335876465;10.8083333969116;0.935833334922791;6.52500009536743;-17.8262312;28.61906798;TRUE
"112";"P";"PC20";"Fajana de Franceses, C. de la";"cave";"cave";"yes";1;120;"Pliocene-Pleistocene";"Taburiente";"1.08-0.41 Ma";2;"";381;29.3333339691162;18789.666015625;17.9166660308838;20.1166667938232;15.716667175293;1.48249995708466;5.54166698455811;-17.8655972;28.8327057;TRUE
"113";"P";"PC21";"Fajanita de D. Pedro, C. de la";"cave";"cave";"yes";4;59;"Pliocene-Pleistocene";"Taburiente";"1.08-0.41 Ma";2;"";333;28.9166660308838;18764.166015625;18.3999996185303;20.7000007629395;16.1166667938232;1.51333332061768;5.5;-17.8930651;28.83992132;TRUE
"114";"P";"PC22";"Franceses, C. de";"cave";"cave";"yes";4;400;"Pliocene-Pleistocene";"Taburiente";"1.08-0.41 Ma";2;"";381;29.3333339691162;18789.666015625;17.9166660308838;20.1166667938232;15.716667175293;1.48249995708466;5.54166698455811;-17.8587392;28.82915304;TRUE
"115";"P";"PC24";"Grilla, C. de la";"cave";"cave";"yes";7;890;"Pliocene-Pleistocene";"Taburiente";"1.08-0.41 Ma";2;"";898;36;18831.333984375;15.5;17.8500003814697;13.125;1.17750000953674;5.94999980926514;-17.8270034;28.80672126;TRUE
"116";"P";"PC29";"La Tosca (Honda Gallegos), C. de";"cave";"cave";"yes";9;428;"Pliocene-Pleistocene";"Taburiente";"1.08-0.41 Ma";2;"";443;30.4166660308838;18710.75;17.75;19.9583339691162;15.5416669845581;1.44416666030884;5.59166669845581;-17.8203602;28.82850007;TRUE
"117";"P";"PC30";"Las Lomadas, Buraca de ";"cave";"cave";"yes";6;573;"Pliocene-Pleistocene";"Taburiente";"1.08-0.41 Ma";2;"";457;32.1666679382324;18206.166015625;17.658332824707;19.9166660308838;15.3999996185303;1.43166673183441;5.38333320617676;-17.7785258;28.79147357;TRUE
"118";"P";"PC35";"Mamona, C. de la ";"cave";"cave";"yes";6;600;"Pliocene-Pleistocene";"Taburiente";"1.08-0.41 Ma";2;"";607;29.9166660308838;19471.5;17.6000003814697;20.4583339691162;14.7250003814697;1.3474999666214;5.65833330154419;-17.9834514;28.77469628;TRUE
"119";"P";"PC37";"Milagros, C. de los ";"cave";"cave";"yes";2;170;"Pliocene-Pleistocene";"Taburiente";"1.08-0.41 Ma";2;"";151;27.8333339691162;18341.333984375;19.2416667938232;21.4583339691162;17.0083332061768;1.62750005722046;5.27500009536743;-17.7663996;28.78790701;TRUE
"120";"P";"PC39";"Murciélagos II, C. de los ";"cave";"cave";"yes";1;1200;"Pliocene-Pleistocene";"Taburiente";"1.08-0.41 Ma";2;"";1136;38;19265.166015625;14.1999998092651;16.7916660308838;11.6416664123535;1.04666662216187;6.20833349227905;-17.8237868;28.7740358;TRUE
"121";"P";"PC41";"Palmeros de Aguatavar, C. de los ";"cave";"cave";"yes";2;800;"Pliocene-Pleistocene";"Taburiente";"1.08-0.41 Ma";2;"";930;34.3333320617676;19354.25;15.9333333969116;18.841667175293;13.0333337783813;1.16166663169861;6.13333320617676;-17.9658633;28.73343065;TRUE
"122";"P";"PC43";"Pilón (La Galga), Furna del ";"cave";"cave";"yes";8;500;"Pliocene-Pleistocene";"Taburiente";"1.08-0.41 Ma";2;"";521;32.9166679382324;18214.083984375;17.283332824707;19.4833335876465;15.0916662216187;1.3933333158493;5.41666650772095;-17.7674248;28.76042733;TRUE
"123";"P";"PC48";"Salvatierra, C. de ";"cave";"cave";"yes";6;211;"Pliocene-Pleistocene";"Taburiente";"1.08-0.41 Ma";2;"";185;26.5;19173.166015625;19.2666664123535;21.6666660308838;16.8666667938232;1.61000001430511;5.34999990463257;-17.9450143;28.83707349;TRUE
"124";"P";"PM01";"Agua (La Galga), Bco. del";"MSS";"MSS";"yes";2;359;"Pliocene-Pleistocene";"Taburiente";"1.08-0.41 Ma";2;"";475;31.25;18646.083984375;17.6333332061768;19.9166660308838;15.3416662216187;1.42083334922791;5.60833358764648;-17.7510008;28.72436448;TRUE
"125";"P";"PM02";"Codezos, Los";"MSS";"MSS";"yes";3;1178;"Pliocene-Pleistocene";"Taburiente";"1.08-0.41 Ma";2;"";1191;36;19890.166015625;14.4499998092651;17.3583335876465;11.5333337783813;1.02250003814697;6.19166660308838;-17.936801;28.781777;TRUE
"126";"P";"PM03";"Corcho, Pista del";"MSS";"MSS";"yes";1;1280;"Pliocene-Pleistocene";"Taburiente";"1.08-0.41 Ma";2;"";1314;39.5833320617676;19452.833984375;13.591667175293;16.2000007629395;10.9833335876465;0.960833311080933;6.49166679382324;-17.792294;28.738498;TRUE
"127";"P";"PM04";"Corral del Palo (Gallegos)";"MSS";"MSS";"yes";1;1080;"Pliocene-Pleistocene";"Taburiente";"1.08-0.41 Ma";2;"";859;34.6666679382324;19001.416015625;15.6499996185303;18.0666675567627;13.25;1.19833326339722;5.92500019073486;-17.8510598;28.80183113;TRUE
"128";"P";"PM06";"Espinel (Breña Alta), Ladera";"MSS";"MSS";"yes";2;600;"Pliocene-Pleistocene";"Taburiente";"1.08-0.41 Ma";2;"";645;34.25;18241.416015625;16.9416656494141;19.5416660308838;14.341667175293;1.31833338737488;5.45833349227905;-17.802682;28.662098;TRUE
"129";"P";"PM07";"Franceses-La Toleda";"MSS";"MSS";"yes";1;810;"Pliocene-Pleistocene";"Taburiente";"1.08-0.41 Ma";2;"";719;33.1666679382324;18945.25;16.3250007629395;18.5583343505859;14.0916662216187;1.2775000333786;5.83333349227905;-17.857577;28.812387;TRUE
"130";"P";"PM08";"Franceses, Fajana de";"MSS";"MSS";"yes";1;25;"Pliocene-Pleistocene";"Taburiente";"1.08-0.41 Ma";2;"";NA;NA;NA;NA;NA;NA;NA;NA;-17.8643493;28.83576298;TRUE
"131";"P";"PM09";"Guago (Breña Alta) MSS, Lomo";"MSS";"MSS";"yes";1;1297;"Pliocene-Pleistocene";"Taburiente";"1.08-0.41 Ma";2;"";1216;39.5;18860.833984375;14.466667175293;17.3250007629395;11.6083335876465;1.00833332538605;6.23333358764648;-17.8220633;28.64323962;TRUE
"132";"P";"PM10";"Herreros, Bco. de";"MSS";"MSS";"yes";2;559;"Pliocene-Pleistocene";"Taburiente";"1.08-0.41 Ma";2;"";530;29;19457.75;17.9583339691162;20.7416667938232;15.1750001907349;1.39416670799255;5.63333320617676;-17.9856151;28.77626295;TRUE
"133";"P";"PM11";"Hombres (Garafía) MSS, Bco. de los";"MSS";"MSS";"yes";5;256;"Pliocene-Pleistocene";"Taburiente";"1.08-0.41 Ma";2;"";269;28;18685.083984375;18.4750003814697;20.6833324432373;16.2583332061768;1.5533332824707;5.43333339691162;-17.8687025;28.82641578;TRUE
"134";"P";"PM13";"Hoya Grande, Bco.del Fraile";"MSS";"MSS";"yes";4;1200;"Pliocene-Pleistocene";"Taburiente";"1.08-0.41 Ma";2;"";1252;37.0833320617676;19809.333984375;14.0749998092651;16.9333324432373;11.2333335876465;0.990000009536743;6.20833349227905;-17.9185987;28.79092493;TRUE
"135";"P";"PM14";"La Galga, Cubo de  ";"MSS";"MSS";"yes";4;600;"Pliocene-Pleistocene";"Taburiente";"1.08-0.41 Ma";2;"";659;34.75;18257.25;16.5750007629395;18.841667175293;14.3249998092651;1.31000006198883;5.5;-17.7808682;28.75896946;TRUE
"136";"P";"PM15";"La Tosca, MSS";"MSS";"MSS";"yes";1;466;"Pliocene-Pleistocene";"Taburiente";"1.08-0.41 Ma";2;"";443;30.4166660308838;18710.75;17.75;19.9583339691162;15.5416669845581;1.44416666030884;5.59166669845581;-17.819492;28.82859039;TRUE
"137";"P";"PM18";"Llano Negro";"MSS";"MSS";"yes";1;1150;"Pliocene-Pleistocene";"Taburiente";"1.08-0.41 Ma";2;"";1041;35.9166679382324;19299.416015625;14.9916667938232;17.6333332061768;12.3500003814697;1.09833335876465;6.15833330154419;-17.9153557;28.80095306;TRUE
"138";"P";"PM19";"Lomadas, Las";"MSS";"MSS";"yes";1;573;"Pliocene-Pleistocene";"Taburiente";"1.08-0.41 Ma";2;"";640;34.3333320617676;18260.25;16.75;19.0249996185303;14.4416666030884;1.31916666030884;5.49166679382324;-17.7857062;28.79117218;TRUE
"139";"P";"PM21";"Machines, Lomo";"MSS";"MSS";"yes";1;930;"Pliocene-Pleistocene";"Taburiente";"1.08-0.41 Ma";2;"";381;29.3333339691162;18789.666015625;17.9166660308838;20.1166667938232;15.716667175293;1.48249995708466;5.54166698455811;-17.8585849;28.82650439;TRUE
"140";"P";"PM22";"Mastres, Lomo de";"MSS";"MSS";"yes";1;1200;"Pliocene-Pleistocene";"Taburiente";"1.08-0.41 Ma";2;"";1166;39.1666679382324;18802;14.6499996185303;17.4833335876465;11.8583335876465;1.03416669368744;6.17500019073486;-17.8179295;28.65345575;TRUE
"141";"P";"PM23";"Muerto (La Galga), Lomo";"MSS";"MSS";"yes";1;574;"Pliocene-Pleistocene";"Taburiente";"1.08-0.41 Ma";2;"";586;34;18206.666015625;16.9249992370605;19.1499996185303;14.6999998092651;1.35333335399628;5.44166660308838;-17.7766942;28.77298309;TRUE
"142";"P";"PM24";"Puntagorda Las Eras";"MSS";"MSS";"yes";3;1076;"Pliocene-Pleistocene";"Taburiente";"1.08-0.41 Ma";2;"";1120;35.5;19716.666015625;14.9333333969116;17.9166660308838;11.9916667938232;1.05916666984558;6.11666679382324;-17.956532;28.755934;TRUE
"143";"P";"PM26";"Roque Faro";"MSS";"MSS";"yes";1;1100;"Pliocene-Pleistocene";"Taburiente";"1.08-0.41 Ma";2;"";1158;37.25;19364.25;14.3000001907349;16.966667175293;11.625;1.03916668891907;6.31666660308838;-17.880129;28.79909392;TRUE
"144";"P";"PM27";"Tagoja, Mña.";"MSS";"MSS";"yes";2;970;"Pliocene-Pleistocene";"Taburiente";"1.08-0.41 Ma";2;"";880;36.25;18846.416015625;15.625;18.0833339691162;13.1750001907349;1.18666660785675;5.94999980926514;-17.7823839;28.7223238;TRUE
"145";"P";"PM30";"Tilos, Los";"MSS";"MSS";"yes";2;475;"Pliocene-Pleistocene";"Taburiente";"1.08-0.41 Ma";2;"";687;34.5833320617676;18496.583984375;16.3500003814697;18.6416664123535;14.0666666030884;1.29250001907349;5.50833320617676;-17.8039053;28.78974888;TRUE
"146";"P";"PM31";"Tiseras (La Galga) MSS, Lomo";"MSS";"MSS";"yes";1;1520;"Pliocene-Pleistocene";"Taburiente";"1.08-0.41 Ma";2;"";1480;41.5833320617676;19405.25;12.7166662216187;15.2583332061768;10.1750001907349;0.882499992847443;6.75833320617676;-17.8144222;28.76195462;TRUE
"147";"P";"PM32";"Vaqueros (Llano Negro)";"MSS";"MSS";"yes";1;1150;"Pliocene-Pleistocene";"Taburiente";"1.08-0.41 Ma";2;"";1041;35.9166679382324;19299.416015625;14.9916667938232;17.6333332061768;12.3500003814697;1.09833335876465;6.15833330154419;-17.9153557;28.80095306;TRUE
"148";"P";"PM17";"Las Breñas, Alto de";"MSS";"MSS";"yes";3;1200;"Pliocene-Pleistocene";"Taburiente";"1.08-0.41 Ma";2;"";1300;38.75;19294.583984375;14.2250003814697;17.2749996185303;11.1666669845581;0.964999973773956;6.40000009536743;-17.8256304;28.62525956;TRUE
"149";"P";"PC33";"M.A.P.O., C. de";"cave";"cave";"yes";3;85;"Historical";"NW Palma";"0.01-0.00 Ka";2;"";140;24.4166660308838;19133.583984375;20.2416667938232;23.1749992370605;17.2999992370605;1.64250004291534;5.40000009536743;-17.9129644;28.59625871;TRUE
"150";"P";"PC57";"Virgen  de Fátima, C. de la ";"cave";"cave";"yes";6;657;"Historical";"NW Palma";"0.01-0.00 Ka";2;"";638;30.75;19065;17.6416664123535;20.875;14.4166669845581;1.32416665554047;5.73333358764648;-17.8774184;28.60414415;TRUE
"151";"P";"PC12";"Ceguera, C. de la";"cave";"cave";"yes";1;225;"Historical";"NW Palma (edge)";"0.01-0.00 Ka";2;"";1345;37.4166679382324;19742.416015625;14.1499996185303;17.5583324432373;10.7250003814697;0.946666657924652;6.5;-17.8548067;28.60216891;TRUE
"152";"P";"PC49";"San Juan, C. VII del";"cave";"cave";"yes";1;1250;"Historical";"NW Palma (edge)";"0.01-0.00 Ka";2;"";1345;37.4166679382324;19742.416015625;14.1499996185303;17.5583324432373;10.7250003814697;0.946666657924652;6.5;-17.8537857;28.60220846;TRUE
"153";"P";"PC55";"Todoque, C. de ";"cave";"cave";"yes";3;450;"Historical";"NW Palma (edge)";"0.01-0.00 Ka";2;"";542;29.3333339691162;19058.25;18.2250003814697;21.3916664123535;15.0249996185303;1.38333332538605;5.66666650772095;-17.8906725;28.60105674;TRUE
"154";"P";"PC36";"Martín, Búcaro del";"cave";"cave";"yes";3;1390;"Historical";"SE Palma";"0.01-0.00 Ka";2;"";1291;37.5;19449.833984375;14.5666666030884;17.8333339691162;11.2749996185303;0.978333294391632;6.55833339691162;-17.8379518;28.53290276;TRUE
"155";"P";"PM33";"Volcán Martín";"MSS";"MSS";"yes";2;1400;"Historical";"SE Palma";"0.01-0.00 Ka";2;"";1291;37.5;19449.833984375;14.5666666030884;17.8333339691162;11.2749996185303;0.978333294391632;6.55833339691162;-17.8385349;28.53293567;TRUE
"156";"P";"PC32";"Llano de los Cestos, Sima";"cave";"cave";"yes";3;1100;"Pleistoceno-Holocene";"South Palma";"3.2-0.1 Ka";2;"";1180;36.0833320617676;19441.583984375;15.1166667938232;18.3333339691162;11.8833332061768;1.03333330154419;6.45833349227905;-17.843506;28.51683823;TRUE
"157";"P";"PC34";"Machacadora, C. de la ";"cave";"cave";"yes";9;800;"Pleistoceno-Holocene";"South Palma";"3.2-0.1 Ka";2;"";884;33.6666679382324;19136.75;16.3916664123535;19.6749992370605;13.0999994277954;1.19083333015442;6.07499980926514;-17.8213255;28.52841437;TRUE
"158";"P";"PC38";"Mña. del Pino (Arreboles), C. de";"cave";"cave";"yes";7;1020;"Pleistoceno-Holocene";"South Palma";"3.2-0.1 Ka";2;"";1034;34.75;19324.083984375;15.8666667938232;19.1000003814697;12.6166667938232;1.10833334922791;6.25833320617676;-17.8386629;28.51218575;TRUE
"159";"P";"PC42";"Palmeros, C. de los ";"cave";"cave";"yes";19;650;"Pleistoceno-Holocene";"South Palma";"3.2-0.1 Ka";2;"";704;31.25;19053.25;17.4333324432373;20.5166664123535;14.3416662216187;1.29083335399628;5.875;-17.8557117;28.50703837;TRUE
"160";"P";"PC45";"Ratón, C. del";"cave";"cave";"yes";11;160;"Holoceno";"South Palma";"0.01-0.00 Ka";2;"";149;24;19144;20.0833339691162;23.125;17.0166664123535;1.63750004768372;5.375;-17.8458691;28.46030207;TRUE
"161";"P";"PM25";"Riveros (Fuencaliente) MSS, Los";"MSS";"MSS";"yes";1;825;"Pleistoceno-Holocene";"South Palma";"3.2-0.1 Ka";2;"";410;27.9166660308838;18905.5;18.7916660308838;21.7666664123535;15.8000001907349;1.46916663646698;5.625;-17.865395;28.500396;TRUE
"162";"P";"PC08";"Canalizo A (Jedey), C. del ";"cave";"cave";"yes";2;590;"Historical";"Western Palma";"0.01-0.00 Ka";2;"";388;27.1666660308838;19071.75;18.8583335876465;21.8916664123535;15.8249998092651;1.48416662216187;5.57499980926514;-17.8846751;28.56746674;TRUE
"163";"P";"PM05";"Don Mendo";"MSS";"MSS";"yes";1;1098;"Historical";"Western Palma (edge)";"0.01-0.00 Ka";2;"";1036;34.9166679382324;19348.833984375;15.5166664123535;18.7416667938232;12.2749996185303;1.10833334922791;6.26666641235352;-17.8601142;28.56151034;TRUE
"164";"T";"TC23";"Robada, Sima";"cave";"cave";"yes";2;300;"Mioceno";"Anaga Pliocene Shield Volcano";"";12;"";282;27.75;18774.916015625;18.125;21.0833339691162;15.1499996185303;1.50083327293396;5.07499980926514;-16.1481699;28.52897925;TRUE
"165";"T";"TM02";"Aguirre, Mte.";"MSS";"MSS";"yes";1;845;"Mioceno";"Anaga Pliocene Shield Volcano";"";12;"";686;35.5;18658.833984375;15.9750003814697;19.158332824707;12.8333339691162;1.27416670322418;5.25833320617676;-16.273186;28.532636;TRUE
"166";"T";"TM04";"Anambro";"MSS";"MSS";"yes";1;840;"Mioceno";"Anaga Pliocene Shield Volcano";"";12;"";774;38.5833320617676;18189.833984375;15.3000001907349;18.2916660308838;12.3249998092651;1.23416662216187;5.30000019073486;-16.1685459;28.56581021;TRUE
"167";"T";"TM08";"Bicora, Degollada de";"MSS";"MSS";"yes";5;725;"Mioceno";"Anaga Pliocene Shield Volcano";"";12;"";609;35.5;18149.25;16.0083332061768;18.9249992370605;13.1000003814697;1.31833338737488;5.05000019073486;-16.2163785;28.54604836;TRUE
"168";"T";"TM12";"Chamuscada, Mña.";"MSS";"MSS";"yes";1;875;"Mioceno";"Anaga Pliocene Shield Volcano";"";12;"";765;37.5833320617676;18426.25;15.3999996185303;18.4333324432373;12.3916664123535;1.23666667938232;5.15833330154419;-16.2256244;28.54036943;TRUE
"169";"T";"TM13";"Chinobre";"MSS";"MSS";"yes";1;900;"Mioceno";"Anaga Pliocene Shield Volcano";"";12;"";509;34.0833320617676;18020.333984375;16.6333332061768;19.5666675567627;13.6916666030884;1.37249994277954;5;-16.1752941;28.55851347;TRUE
"170";"T";"TM15";"Cochinos, Bco.";"MSS";"MSS";"yes";12;900;"Mioceno";"Teno Miocene Shield Volcano";"";12;"";1029;33.6666679382324;19363;14.8333330154419;18.2666664123535;11.4333333969116;1.10749995708466;5.75833320617676;-16.821667;28.323362;TRUE
"171";"T";"TM21";"Ijuana";"MSS";"MSS";"yes";4;675;"Mioceno";"Anaga Pliocene Shield Volcano";"";12;"";680;37.4166679382324;18170.416015625;15.75;18.716667175293;12.75;1.28166663646698;5.15000009536743;-16.1640066;28.56021729;TRUE
"172";"T";"TM30";"Pasos, Roque de los";"MSS";"MSS";"yes";1;765;"Mioceno";"Anaga Pliocene Shield Volcano";"";12;"";757;37.3333320617676;18532.166015625;15.408332824707;18.4250011444092;12.4250001907349;1.24166667461395;5.19166660308838;-16.2215303;28.54164281;TRUE
"173";"T";"TM31";"Pedro Alvarez";"MSS";"MSS";"yes";1;600;"Mioceno";"Anaga Pliocene Shield Volcano";"";12;"";685;34.5;18672.916015625;16.033332824707;19.25;12.7916669845581;1.27499997615814;5.17500019073486;-16.309035;28.52959088;TRUE
"174";"T";"TM33";"Picón, Pista Bco.";"MSS";"MSS";"yes";1;982;"Mioceno";"Teno Miocene Shield Volcano";"";12;"";1054;33.8333320617676;19401.25;14.7333335876465;18.2416667938232;11.2083330154419;1.09500002861023;5.79166650772095;-16.8141351;28.32459985;TRUE
"175";"T";"TM40";"Vueltas Taganana";"MSS";"MSS";"yes";2;860;"Mioceno";"Anaga Pliocene Shield Volcano";"";12;"";724;36.6666679382324;18385.666015625;15.4416666030884;18.3583335876465;12.5166664123535;1.25833332538605;5.18333339691162;-16.2276023;28.54258987;TRUE
"176";"T";"TM41";"Zapata";"MSS";"MSS";"yes";1;892;"Mioceno";"Anaga Pliocene Shield Volcano";"";12;"";788;36.75;18545.5;15.4250001907349;18.4833335876465;12.3583335876465;1.22500002384186;5.19999980926514;-16.2962524;28.53560703;TRUE
"177";"T";"TC01";"Baldíos, C. de los ";"cave";"cave";"yes";4;600;"Plioceno-Pleistoceno";"Tenerife Central Rift";"";12;"";643;32.6666679382324;19011.916015625;16.7749996185303;20.7416667938232;12.8249998092651;1.29583334922791;5.25833320617676;-16.3259019;28.47194506;TRUE
"178";"T";"TC02";"Bco. de la Arena, C. del";"cave";"cave";"yes";2;770;"Plioceno-Pleistoceno";"Tenerife Central Rift";"";12;"";835;34.0833320617676;19470.166015625;15.8249998092651;19.466667175293;12.1833333969116;1.20333337783813;5.52500009536743;-16.3780498;28.40306912;TRUE
"179";"T";"TC03";"Bucio, C. del ";"cave";"cave";"yes";16;1000;"Plioceno-Pleistoceno";"Tenerife Central Rift";"";12;"";1059;36;19124.333984375;13.875;17.3583335876465;10.3416662216187;1.09249997138977;5.40833330154419;-16.5018428;28.36118357;TRUE
"180";"T";"TC04";"Candelaria, C. de la ";"cave";"cave";"yes";1;347;"Pleistoceno-Holoceno/Plioceno-Pleistoceno";"Tenerife Central Rift";"";12;"";361;26.5833339691162;18286.583984375;17.75;20.9166660308838;14.5749998092651;1.4650000333786;4.84999990463257;-16.7110632;28.36343796;TRUE
"181";"T";"TC06";"Chatarra, C. de la ";"cave";"cave";"yes";3;1190;"Plioceno-Pleistoceno";"Tenerife Central Rift";"";12;"";1073;37.1666679382324;19288.083984375;14.2583332061768;17.783332824707;10.7833337783813;1.08500003814697;5.78333330154419;-16.3925022;28.4435539;TRUE
"182";"T";"TC07";"Chiguergue, C. de ";"cave";"cave";"yes";1;840;"Plioceno-Pleistoceno";"Tenerife Central Rift";"";12;"";1139;33.25;19851.333984375;14.9083337783813;19.0166664123535;10.8166666030884;1.0533332824707;5.86666679382324;-16.7633011;28.23551727;TRUE
"183";"T";"TC08";"Cosme, C. de ";"cave";"cave";"yes";1;1640;"Plioceno-Pleistoceno";"Tenerife Central Rift";"";12;"Check, near Arico lava";1739;37;20928.666015625;11.6499996185303;15.6750001907349;7.65000009536743;0.806666672229767;6.19166660308838;-16.4715393;28.34041315;TRUE
"184";"T";"TC09";"Fea Arico, C.";"cave";"cave";"yes";3;1625;"Plioceno-Pleistoceno";"Tenerife Central Rift";"";12;"";1889;36.1666679382324;21218.166015625;11.7416667938232;16.6749992370605;6.80000019073486;0.75;6.38333320617676;-16.5279858;28.24295278;TRUE
"185";"T";"TC11";"Grande de Chío, C.";"cave";"cave";"yes";18;1100;"Plioceno-Pleistoceno";"Tenerife Central Rift";"";12;"";1116;32.5833320617676;19929.333984375;15.0666666030884;19.125;11.0249996185303;1.06499993801117;5.77500009536743;-16.7766671;28.25067695;TRUE
"186";"T";"TC12";"Helechos, Sima de los ";"cave";"cave";"yes";4;2283;"Plioceno-Pleistoceno";"Tenerife Central Rift";"";12;"";2297;36.5;22032.416015625;9.85000038146973;14.875;4.83333349227905;0.613333344459534;7.76666641235352;-16.5416805;28.2994046;TRUE
"187";"T";"TC15";"Labrada, C.";"cave";"cave";"yes";19;1072;"Plioceno-Pleistoceno";"Tenerife Central Rift";"";12;"";1067;36.5833320617676;19370.333984375;13.9666662216187;17.1833343505859;10.7416667938232;1.0900000333786;5.83333349227905;-16.4124919;28.43713852;TRUE
"188";"T";"TC16";"Mechas, C. de las ";"cave";"cave";"yes";5;1047;"Plioceno-Pleistoceno";"Tenerife Central Rift";"";12;"";1067;36.5833320617676;19370.333984375;13.9666662216187;17.1833343505859;10.7416667938232;1.0900000333786;5.83333349227905;-16.4127468;28.43865211;TRUE
"189";"T";"TC17";"Metra, C. del ";"cave";"cave";"yes";1;200;"Plioceno-Pleistoceno";"Tenerife Central Rift";"";12;"";183;23.3333339691162;18492.75;19.2250003814697;22.75;15.7166662216187;1.56416666507721;4.56666660308838;-16.5272997;28.40085401;TRUE
"190";"T";"TC19";"Negras, Cuevas";"cave";"cave";"yes";8;2200;"Plioceno-Pleistoceno";"Tenerife Central Rift";"";12;"";2134;35.4166679382324;21890.166015625;10.7833337783813;15.5916662216187;5.93333339691162;0.657500028610229;7.84999990463257;-16.7005094;28.2612572;TRUE
"191";"T";"TC21";"Puerta, C. de la ";"cave";"cave";"yes";2;87;"Plioceno-Pleistoceno";"Tenerife Central Rift";"";12;"";166;22.5833339691162;19191.166015625;20.0750007629395;24.0083332061768;16.1499996185303;1.57333338260651;4.68333339691162;-16.3443133;28.39324368;TRUE
"192";"T";"TC22";"Punto Blanco, C. de";"cave";"cave";"yes";2;50;"Pleistoceno-Holoceno/Plioceno-Pleistoceno";"Tenerife Central Rift";"";12;"";74;21.6666660308838;18596.916015625;19.3250007629395;22.4583339691162;16.2333335876465;1.64083337783813;4.57499980926514;-16.7240766;28.37637763;TRUE
"193";"T";"TC27";"San Miguel, C. de ";"cave";"cave";"yes";1;635;"Plioceno-Pleistoceno";"Tenerife Central Rift";"";12;"";656;28.0833339691162;19221.583984375;17.5249996185303;21.8500003814697;13.1916666030884;1.29250001907349;5.21666669845581;-16.6144545;28.10151071;TRUE
"194";"T";"TC29";"Yeso, C. del ";"cave";"cave";"yes";1;17;"Plioceno-Pleistoceno";"Tenerife Central Rift";"";12;"";NA;NA;NA;NA;NA;NA;NA;NA;-16.3539735;28.55063029;TRUE
"195";"T";"TM01";"Agua, Bco. del (Güímar)";"MSS";"MSS";"yes";2;759;"Plioceno-Pleistoceno";"Tenerife Central Rift";"";12;"";633;31.4166660308838;18972.25;16.6749992370605;20.7916660308838;12.5333337783813;1.30416667461395;5.24166679382324;-16.4403835;28.30699115;TRUE
"196";"T";"TM06";"Arico";"MSS";"MSS";"yes";1;550;"Plioceno-Pleistoceno";"Tenerife Central Rift";"";12;"";747;30.5;19274;16.8083324432373;21.1166667938232;12.5166664123535;1.24166667461395;5.23333311080933;-16.5196191;28.17859248;TRUE
"197";"T";"TM07";"Asomada del Gato (Chío)";"MSS";"MSS";"yes";1;1521;"Plioceno-Pleistoceno";"Tenerife Central Rift";"";12;"";1463;34.8333320617676;20499.583984375;13.5083332061768;17.7416667938232;9.25;0.90666663646698;5.875;-16.74499;28.24933;TRUE
"198";"T";"TM11";"Cascajos, Mña. (Chío)";"MSS";"MSS";"yes";1;1620;"Plioceno-Pleistoceno";"Tenerife Central Rift";"";12;"";1651;34.3333320617676;21076.416015625;12.8083333969116;17.2999992370605;8.33333301544189;0.831666648387909;6.60833358764648;-16.7474985;28.26940913;TRUE
"199";"T";"TM17";"Cruz de Tea";"tephra";"MSS";"yes";1;2216;"Plioceno-Pleistoceno";"Tenerife Central Rift";"";12;"";2217;35.8333320617676;21985.083984375;10.3833332061768;15.3166666030884;5.48333311080933;0.629166662693024;7.94166660308838;-16.6975523;28.2586046;TRUE
"200";"T";"TM19";"Eras, Las";"MSS";"MSS";"yes";1;51;"Plioceno-Pleistoceno";"Tenerife Central Rift";"";12;"";62;17.4166660308838;19748.416015625;21.091667175293;25.216667175293;16.9833335876465;1.64916670322418;4.90000009536743;-16.528373;28.060556;TRUE
"201";"T";"TM20";"Fasnia, Volcán de";"tephra";"MSS";"yes";3;2185;"Plioceno-Pleistoceno";"Tenerife Central Rift";"";12;"";2192;36.25;21889.833984375;10.3833332061768;15.4750003814697;5.26666688919067;0.648333311080933;7.54999971389771;-16.5109101;28.28596719;TRUE
"202";"T";"TM22";"Lajas, Las";"MSS";"MSS";"yes";1;2090;"Plioceno-Pleistoceno";"Tenerife Central Rift";"";12;"";2032;35.4166679382324;21603.083984375;11.125;15.4750003814697;6.77500009536743;0.692499995231628;7.03333330154419;-16.6668685;28.19014963;TRUE
"203";"T";"TM23";"Mallorquines";"tephra";"MSS";"yes";3;2236;"Plioceno-Pleistoceno";"Tenerife Central Rift";"";12;"";2276;36.75;21950.666015625;9.83333301544189;14.6166667938232;5.04166650772095;0.620833337306976;7.52500009536743;-16.5142846;28.30683208;TRUE
"204";"T";"TM25";"Meleros, Hoya";"MSS";"MSS";"yes";1;1265;"Plioceno-Pleistoceno";"Tenerife Central Rift";"";12;"";1246;34.9166679382324;19847.75;13.7416667938232;17.6000003814697;9.90833282470703;1.00583338737488;6.10833358764648;-16.7549686;28.31839796;TRUE
"205";"T";"TM26";"Montañeta Garachico, La";"MSS";"MSS";"yes";1;916;"Plioceno-Pleistoceno";"Tenerife Central Rift";"";12;"";843;32.5;18691;15.3999996185303;18.8083324432373;11.9833335876465;1.20249998569489;5.30000019073486;-16.7549234;28.34171789;TRUE
"206";"T";"TM27";"Negras MSS, Cuevas";"tephra";"MSS";"yes";4;2216;"Plioceno-Pleistoceno";"Tenerife Central Rift";"";12;"";2217;35.8333320617676;21985.083984375;10.3833332061768;15.3166666030884;5.48333311080933;0.629166662693024;7.94166660308838;-16.6975523;28.2586046;TRUE
"207";"T";"TM28";"Palo Blanco";"MSS";"MSS";"yes";3;810;"Plioceno-Pleistoceno";"Tenerife Central Rift";"";12;"";1018;35.5833320617676;19007.333984375;14.1333332061768;17.7333335876465;10.5500001907349;1.11500000953674;5.46666669845581;-16.58731;28.358329;TRUE
"208";"T";"TM32";"Pegueros, Los";"MSS";"MSS";"yes";1;2070;"Plioceno-Pleistoceno";"Tenerife Central Rift";"";12;"";2100;35.75;21693.333984375;10.875;15.3333330154419;6.43333339691162;0.67166668176651;7.125;-16.6555944;28.18763315;TRUE
"209";"T";"TM34";"Pinos, Hoya los";"MSS";"MSS";"yes";1;1225;"Plioceno-Pleistoceno";"Tenerife Central Rift";"";12;"";1162;35.8333320617676;19297.416015625;13.8916664123535;17.4916667938232;10.3166666030884;1.04499995708466;5.77500009536743;-16.72369;28.32718956;TRUE
"210";"T";"TM37";"Salto Frío ";"tephra";"MSS";"yes";6;2049;"Plioceno-Pleistoceno";"Tenerife Central Rift";"";12;"";2182;36.8333320617676;21781.666015625;10.0333337783813;14.6583337783813;5.42500019073486;0.649166643619537;7.25833320617676;-16.5069257;28.31650727;TRUE
"211";"T";"TM39";"Tacoronte (El Pris)";"MSS";"MSS";"yes";1;122;"Plioceno-Pleistoceno";"Tenerife Central Rift";"";12;"";135;23.1666660308838;18647.666015625;19.1916675567627;22.4833335876465;15.8916664123535;1.58916664123535;4.49166679382324;-16.419634;28.505879;TRUE
"212";"T";"TC13";"Honda Güímar, C. ";"cave";"cave";"yes";3;100;"Pleistoceno-Holoceno";"Malpais de Guimar";"";12;"";102;19.6666660308838;19595.666015625;20.7666664123535;24.8250007629395;16.6833324432373;1.61250007152557;4.75833320617676;-16.3704136;28.31083438;TRUE
"213";"T";"TC10";"Felipe Reventón, C. de ";"cave";"cave";"yes";38;595;"Pleistoceno-Holoceno";"Teide";"";12;"";714;31.5;18557.583984375;15.7916669845581;19.1749992370605;12.4499998092651;1.26499998569489;5.03333330154419;-16.7042621;28.3483618;TRUE
"214";"T";"TC14";"Hoya San Felipe, C. de la ";"cave";"cave";"yes";2;165;"Pleistoceno-Holoceno";"Teide";"";12;"";177;23.8333339691162;18349.583984375;18.7583332061768;21.8999996185303;15.6416664123535;1.57583332061768;4.71666669845581;-16.7173607;28.37246455;TRUE
"215";"T";"TC18";"Mulo, C. del ";"cave";"cave";"yes";10;1000;"Pleistoceno-Holoceno";"Teide";"";12;"";1146;35.25;19441.5;13.7749996185303;17.3500003814697;10.1833333969116;1.05166661739349;5.73333311080933;-16.675273;28.33097845;TRUE
"216";"T";"TC20";"Perdiz, Sima de la ";"cave";"cave";"yes";6;1607;"Pleistoceno-Holoceno";"Teide";"";12;"";1692;35.75;20996.916015625;11.6083335876465;15.75;7.5;0.819999992847443;6.38333320617676;-16.6196186;28.3245751;TRUE
"217";"T";"TC24";"Roques superior 1, C. de los ";"cave";"cave";"yes";5;2295;"Pleistoceno-Holoceno";"Teide";"";12;"";2325;35.3333320617676;22288.166015625;10;15.1750001907349;4.81666660308838;0.599166691303253;8.16666698455811;-16.6429169;28.2371524;TRUE
"218";"T";"TC25";"Roques, C. de Los ";"cave";"cave";"yes";23;2266;"Pleistoceno-Holoceno";"Teide";"";12;"";2325;35.3333320617676;22288.166015625;10;15.1750001907349;4.81666660308838;0.599166691303253;8.16666698455811;-16.6422531;28.23639326;TRUE
"219";"T";"TC26";"San Marcos, C. de";"cave";"cave";"yes";4;65;"Pleistoceno-Holoceno/Plioceno-Pleistoceno";"Teide";"";12;"";74;21.6666660308838;18596.916015625;19.3250007629395;22.4583339691162;16.2333335876465;1.64083337783813;4.57499980926514;-16.7227115;28.37524878;TRUE
"220";"T";"TC28";"Viento-Sobrado, C. del";"cave";"cave";"yes";36;600;"Pleistoceno-Holoceno";"Teide";"";12;"";542;29.0833339691162;18432.25;16.7000007629395;19.9916667938232;13.4583330154419;1.35916662216187;4.93333339691162;-16.7028297;28.35001315;TRUE
"221";"T";"TM05";"Arguayo";"MSS";"MSS";"yes";3;1200;"Pleistoceno-Holoceno";"Teide";"";12;"";2127;35.9166679382324;21792;10.4083337783813;15.4250001907349;5.38333320617676;0.665000021457672;7.59166669845581;-16.5742993;28.29563188;TRUE
"222";"T";"TM09";"Blanca, Cañada de";"MSS";"MSS";"yes";1;2175;"Pleistoceno-Holoceno";"Teide";"";12;"";2195;34.75;22150;10.4583330154419;15.7083330154419;5.22499990463257;0.639166653156281;7.93333339691162;-16.6266776;28.23409761;TRUE
"223";"T";"TM10";"Blanca, Montaña";"tephra";"MSS";"yes";10;2380;"Pleistoceno-Holoceno";"Teide";"";12;"";2415;35.9166679382324;22359.666015625;9.44999980926514;14.8333330154419;4.06666660308838;0.574166655540466;8.39166641235352;-16.602999;28.26094692;TRUE
"224";"T";"TM16";"Corredera Blanca";"MSS";"MSS";"yes";1;1180;"Pleistoceno-Holoceno";"Teide";"";12;"";1102;35.0833320617676;19244.666015625;14.0583333969116;17.6083335876465;10.4833335876465;1.07333326339722;5.65833330154419;-16.7073204;28.32590635;TRUE
"225";"T";"TM18";"Era de las Fayas";"MSS";"MSS";"yes";1;1260;"Pleistoceno-Holoceno";"Teide";"";12;"";1117;35.0833320617676;19351.25;13.9083337783813;17.466667175293;10.3833332061768;1.06499993801117;5.69166660308838;-16.6872555;28.32826776;TRUE
"226";"T";"TM24";"Mancha Ruana";"tephra";"MSS";"yes";3;3001;"Pleistoceno-Holoceno";"Teide";"";12;"";3101;43.4166679382324;22208.916015625;6.34166669845581;11.3999996185303;1.28333330154419;0.395833343267441;9.57499980926514;-16.6561322;28.26010565;TRUE
"227";"T";"TM29";"Palomera (La Guancha), Hoya";"MSS";"MSS";"yes";2;850;"Pleistoceno-Holoceno";"Teide";"";12;"";868;32.9166679382324;18872.083984375;14.8916664123535;18.2666664123535;11.5416669845581;1.18583333492279;5.19166660308838;-16.6542715;28.35331836;TRUE
"228";"T";"TM35";"Rajada, Montaña";"tephra";"MSS";"yes";1;2450;"Pleistoceno-Holoceno";"Teide";"";12;"";2423;36.25;22342.416015625;9.48333358764648;15.0083332061768;3.95833325386047;0.573333323001862;8.42500019073486;-16.5945864;28.27030501;TRUE
"229";"T";"TM36";"Redondo, Hoya de";"MSS";"MSS";"yes";1;985;"Pleistoceno-Holoceno";"Teide";"";12;"";919;33.3333320617676;18969.5;14.783332824707;18.25;11.3249998092651;1.16166663169861;5.26666688919067;-16.6848187;28.33478663;TRUE
"230";"T";"TM38";"San Felipe, Vista";"MSS";"MSS";"yes";1;185;"Pleistoceno-Holoceno";"Teide";"";12;"";177;23.8333339691162;18349.583984375;18.7583332061768;21.8999996185303;15.6416664123535;1.57583332061768;4.71666669845581;-16.7173909;28.3724371;TRUE
"231";"T";"TM42";"Bajamar subsuelo";"MSS";"MSS";"yes";2;28;"";"";"";12;"";NA;NA;NA;NA;NA;NA;NA;NA;-16.352605;28.55235;TRUE
"232";"T";"TC05";"Chajaña, C. de ";"cave";"cave";"yes";1;1700;"";"";"";12;"";333;23.3333339691162;19376.916015625;19.2250003814697;23.4583339691162;14.9749994277954;1.4724999666214;4.71666669845581;-16.46203831;28.19528;TRUE
"233";"T";"TM03";"Amparo, El";"MSS";"MSS";"yes";2;1000;"";"";"";12;"";910;33.8333320617676;18801.5;14.9083337783813;18.3583335876465;11.4250001907349;1.16499996185303;5.22499990463257;-16.70430154;28.33741442;TRUE
"234";"T";"TM14";"Chiquero";"tephra";"MSS";"yes";1;2278;"Pleistoceno-Holoceno/Plioceno-Pleistoceno";"";"";12;"";2066;36.0833320617676;21695.833984375;10.5166664123535;15.3583335876465;5.69166660308838;0.684166669845581;7.44999980926514;-16.5633965;28.30057457;TRUE
